CASE_ID,ACCIDENT_YEAR,PROC_DATE,JURIS,COLLISION_DATE,COLLISION_TIME,OFFICER_ID,REPORTING_DISTRICT,DAY_OF_WEEK,CHP_SHIFT,POPULATION,CNTY_CITY_LOC,SPECIAL_COND,BEAT_TYPE,CHP_BEAT_TYPE,CITY_DIVISION_LAPD,CHP_BEAT_CLASS,BEAT_NUMBER,PRIMARY_RD,SECONDARY_RD,DISTANCE,DIRECTION,INTERSECTION,WEATHER_1,WEATHER_2,STATE_HWY_IND,CALTRANS_COUNTY,CALTRANS_DISTRICT,STATE_ROUTE,ROUTE_SUFFIX,POSTMILE_PREFIX,POSTMILE,LOCATION_TYPE,RAMP_INTERSECTION,SIDE_OF_HWY,TOW_AWAY,COLLISION_SEVERITY,NUMBER_KILLED,NUMBER_INJURED,PARTY_COUNT,PRIMARY_COLL_FACTOR,PCF_CODE_OF_VIOL,PCF_VIOL_CATEGORY,PCF_VIOLATION,PCF_VIOL_SUBSECTION,HIT_AND_RUN,TYPE_OF_COLLISION,MVIW,PED_ACTION,ROAD_SURFACE,ROAD_COND_1,ROAD_COND_2,LIGHTING,CONTROL_DEVICE,CHP_ROAD_TYPE,PEDESTRIAN_ACCIDENT,BICYCLE_ACCIDENT,MOTORCYCLE_ACCIDENT,TRUCK_ACCIDENT,NOT_PRIVATE_PROPERTY,ALCOHOL_INVOLVED,STWD_VEHTYPE_AT_FAULT,CHP_VEHTYPE_AT_FAULT,COUNT_SEVERE_INJ,COUNT_VISIBLE_INJ,COUNT_COMPLAINT_PAIN,COUNT_PED_KILLED,COUNT_PED_INJURED,COUNT_BICYCLIST_KILLED,COUNT_BICYCLIST_INJURED,COUNT_MC_KILLED,COUNT_MC_INJURED,PRIMARY_RAMP,SECONDARY_RAMP,LATITUDE_2,LONGITUDE_2,COUNTY,CITY,LONGITUDE,LATITUDE
5637760,2012,2013-10-29,4311,2012-05-23,1700,W9979,,3,5,5,4311,0,0,0,,0,2,RENGSTORFF AV,RENGSTORFF AV 40,0.00,,N,A,-,N,,,,,,,,,,N,4,0,1,3,D,-,0,,,N,G,B,F,A,H,-,A,D,0,Y,,,,Y,,-,- ,0,0,1,0,1,0,0,0,0,- ,- ,,,SANTA CLARA,MOUNTAIN VIEW,-122.09762156000000,37.402806000000000
5638525,2012,2012-10-04,4311,2012-09-15,1020,C3431,,6,5,5,4311,0,0,0,,0,2,CALIFORNIA ST,PETTIS AV,27.00,E,N,A,-,N,,,,,,,,,,Y,1,1,0,2,D,-,0,,,N,G,B,E,A,H,-,C,D,0,Y,,,,Y,Y,-,- ,0,0,0,1,0,0,0,0,0,- ,- ,,,SANTA CLARA,MOUNTAIN VIEW,-122.08822002000000,37.394341690000000
5639997,2013,2015-01-16,4311,2013-03-04,1830,19532,,1,5,5,4311,0,0,0,,0,1,PHYLLIS AV,HANS AV,0.00,,Y,A,-,N,,,,,,,,,,Y,1,1,0,2,A,-,10,21950,A,N,G,B,B,A,H,-,C,D,0,Y,,,,Y,,A,1,0,0,0,1,0,0,0,0,0,- ,- ,,,SANTA CLARA,MOUNTAIN VIEW,-122.0777831,37.379124900000000
5676854,2012,2013-10-07,4311,2012-06-25,1235,R9490,,1,5,5,4311,0,0,0,,0,2,GRAND RD,EUNICE AV,27.00,N,N,A,-,N,,,,,,,,,,N,4,0,1,2,A,-,6,21951,,F,G,B,B,A,H,-,A,A,0,Y,,,,Y,,A,1,0,0,1,0,1,0,0,0,0,- ,- ,,,SANTA CLARA,MOUNTAIN VIEW,-122.07794312,37.369879110000000
5744430,2012,2013-11-07,4311,2012-07-10,1910,L6191,,2,5,5,4311,0,0,0,,0,4,MIDDLEFIELD RD,SHORELINE BL,33.00,S,N,A,-,N,,,,,,,,,,N,3,0,1,2,A,-,11,21453,D,N,G,B,B,A,H,-,A,A,0,Y,,,,Y,,N,60,0,1,0,0,1,0,0,0,0,- ,- ,,,SANTA CLARA,MOUNTAIN VIEW,-122.07805886,37.406314540000000
5790503,2012,2013-11-30,4311,2012-08-04,42,H2740,,6,5,5,4311,0,0,0,,0,4,MOFFETT BL,CENTRAL AV,12.00,S,N,A,-,N,,,,,,,,,,N,2,0,1,2,A,-,11,21453,D,N,G,B,B,A,H,-,C,A,0,Y,,,,Y,Y,N,60,1,0,0,0,1,0,0,0,0,- ,- ,,,SANTA CLARA,MOUNTAIN VIEW,-122.07649214,37.397655670000000
5807727,2012,2013-12-20,4311,2012-10-03,1731,F7704,MV,3,5,5,4311,0,0,0,,0,4,MOFFETT BL,CENTRAL AV,10.00,S,N,A,-,N,,,,,,,,,,N,4,0,1,2,A,-,10,21950,A,N,G,B,B,A,H,-,A,A,0,Y,,,,Y,,A,1,0,0,1,0,1,0,0,0,0,- ,- ,,,SANTA CLARA,MOUNTAIN VIEW,-122.07648897,37.397660550000000
5826584,2012,2014-02-04,4311,2012-07-12,1406,G3063,,4,5,5,4311,0,0,0,,0,1,CASTRO ST,EL CAMINO REAL,0.00,,Y,A,-,Y,SCL,4,82,-,-,19.870,I,5,S,N,4,0,1,2,A,-,10,21950,A,N,G,B,B,A,H,-,A,A,0,Y,,,,Y,,A,1,0,0,1,0,1,0,0,0,0,- ,- ,,,SANTA CLARA,MOUNTAIN VIEW,-122.08419621,37.385797290000000
5835722,2012,2013-12-14,4311,2012-09-28,1927,H2079,,5,5,5,4311,0,0,0,,0,4,SHORELINE BL,SPACE PARK DR,300.00,N,N,B,-,N,,,,,,,,,,N,3,0,1,2,A,-,11,21954,A,N,G,B,D,A,H,-,C,D,0,Y,,,,Y,Y,N,60,0,1,0,0,1,0,0,0,0,- ,- ,,,SANTA CLARA,MOUNTAIN VIEW,-122.07805991000000,37.417958490000000
5850471,2012,2013-10-19,4311,2012-07-15,1501,G5126,,7,5,5,4311,0,0,0,,0,3,RENGSTORFF AV,JEWELL PL,0.00,,Y,A,-,N,,,,,,,,,,N,4,0,2,4,A,-,- ,,,N,G,B,B,A,H,-,A,A,0,Y,,,,Y,,B,1,0,0,2,0,2,0,0,0,0,- ,- ,,,SANTA CLARA,MOUNTAIN VIEW,-122.09518299,37.406954840000000
5850475,2012,2013-11-05,4311,2012-07-20,2118,S9189,,5,5,5,4311,0,0,0,,0,4,W MIDDLEFIELD RD,EASY ST,7.00,E,N,A,-,N,,,,,,,,,,N,4,0,1,2,A,-,10,21950,A,N,G,B,B,A,H,-,C,A,0,Y,,,,Y,,A,1,0,0,1,0,1,0,0,0,0,- ,- ,,,SANTA CLARA,MOUNTAIN VIEW,-122.06633916,37.398712850000000
5855536,2012,2013-12-20,4311,2012-10-10,820,19532,,3,5,5,4311,0,0,0,,0,1,CASTRO ST,SONIA WY,0.00,,Y,A,B,N,,,,,,,,,,N,3,0,1,2,A,-,11,21950,B,N,A,B,B,A,H,-,A,A,0,Y,,,,Y,,A,7,0,1,0,0,1,0,0,0,0,- ,- ,,,SANTA CLARA,MOUNTAIN VIEW,-122.08499299,37.384054890000000
5855538,2012,2013-12-20,4311,2012-10-18,827,H2079,,4,5,5,4311,0,0,0,,0,1,CUESTA DR,SPRINGER RD,0.00,,Y,A,-,N,,,,,,,,,,N,3,0,1,2,A,-,10,21950,A,N,G,B,B,A,H,-,A,A,0,Y,,,,Y,,A,1,0,1,0,0,1,0,0,0,0,- ,- ,,,SANTA CLARA,MOUNTAIN VIEW,-122.09602303,37.373704860000000
5855638,2012,2014-04-28,4311,2012-09-04,2226,L6191,,2,5,5,4311,0,0,0,,0,1,EL CAMINO REAL,RT 237,79.00,W,N,A,-,Y,SCL,4,82,-,-,19.140,H,-,N,Y,3,0,1,2,A,-,11,21954,A,N,G,B,D,A,H,-,C,A,0,Y,,,,Y,,N,60,0,1,0,0,1,0,0,0,0,- ,- ,,,SANTA CLARA,MOUNTAIN VIEW,-122.07307656,37.38048689
5855639,2012,2013-12-13,4311,2012-09-09,2131,C3431,,7,5,5,4311,0,0,0,,0,1,DANA ST,CASTRO ST,80.00,W,N,A,-,N,,,,,,,,,,Y,4,0,1,3,C,-,18,,,N,G,B,E,A,H,-,C,D,0,Y,,,,Y,Y,-,- ,0,0,1,0,1,0,0,0,0,- ,- ,,,SANTA CLARA,MOUNTAIN VIEW,-122.07999189,37.392639300000000
5855640,2012,2014-04-28,4311,2012-09-15,2259,S9189,,6,5,5,4311,0,0,0,,0,1,EL CAMINO REAL,SYLVAN AV,665.00,E,N,A,-,Y,SCL,4,82,-,-,18.450,H,-,N,N,2,0,1,2,D,-,0,,,N,G,B,D,A,H,-,C,D,0,Y,,,,Y,,-,- ,1,0,0,0,1,0,0,0,0,- ,- ,,,SANTA CLARA,MOUNTAIN VIEW,-122.06133628000000,37.375908550000000
5865407,2012,2014-03-17,4311,2012-09-29,2325,F2374,MV,6,5,5,4311,0,0,0,,0,1,CASTRO ST,DANA ST,216.00,N,N,A,-,N,,,,,,,,,,N,3,0,2,3,C,-,18,,,N,G,B,C,A,H,-,C,D,0,Y,,,,Y,,-,- ,0,1,1,0,2,0,0,0,0,- ,- ,,,SANTA CLARA,MOUNTAIN VIEW,-122.07941377,37.393076970000000
5874417,2012,2013-12-24,4311,2012-10-24,723,H2079,,3,5,5,4311,0,0,0,,0,4,WHISMAN RD,WHISMAN STATION,10.00,N,N,C,-,N,,,,,,,,,,N,3,0,1,2,A,-,10,21950,A,N,-,B,B,B,H,-,A,A,0,Y,,,,Y,,A,1,0,1,0,0,1,0,0,0,0,- ,- ,,,SANTA CLARA,MOUNTAIN VIEW,-122.06208928,37.391570090000000
5896540,2012,2013-12-24,4311,2012-10-28,1218,S4264,,7,5,5,4311,0,0,0,,0,1,CASTRO ST,VILLA ST,0.00,,Y,A,-,N,,,,,,,,,,N,4,0,1,2,A,-,- ,,,N,G,B,B,A,H,-,A,A,0,Y,,,,Y,,A,1,0,0,1,0,1,0,0,0,0,- ,- ,,,SANTA CLARA,MOUNTAIN VIEW,-122.07896299000000,37.393804860000000
5910220,2013,2013-05-03,4311,2013-04-03,1624,G8223,,3,5,5,4311,0,0,0,,0,3,CENTRAL EXPWY,RENGSTORFF AV,293.00,E,N,A,-,N,,,,,,,,,,Y,1,1,0,2,A,-,- ,,,N,G,B,F,A,H,-,A,D,0,Y,,,,Y,,A,8,0,0,0,1,0,0,0,0,0,- ,- ,,,SANTA CLARA,MOUNTAIN VIEW,-122.09642270000000,37.402834500000000
5921858,2012,2013-12-14,4311,2012-10-15,745,H2079,,1,5,5,4311,0,0,0,,0,1,CASTRO ST,HARPSTER DR,12.00,S,N,E,-,N,,,,,,,,,,N,3,0,1,2,A,-,11,21950,B,N,G,B,B,B,H,-,A,A,0,Y,,,,Y,,N,60,0,1,0,0,1,0,0,0,0,- ,- ,,,SANTA CLARA,MOUNTAIN VIEW,-122.08536282,37.383465960000000
5968974,2012,2014-01-16,4311,2012-12-21,614,D3648,,5,5,5,4311,0,0,0,,0,2,EL CAMINO REAL,ESCUELA AV,7.00,E,N,B,-,Y,SCL,4,82,-,-,20.752,I,5,S,N,3,0,1,2,A,-,10,21950,A,N,G,B,B,B,-,-,C,A,0,Y,,,,Y,,A,7,0,1,0,0,1,0,0,0,0,- ,- ,,,SANTA CLARA,MOUNTAIN VIEW,-122.09666109,37.393147390000000
5977226,2013,2014-11-19,4311,2013-01-25,1421,F7704,MV,5,5,5,4311,0,0,0,,0,1,RT 237,EL CAMINO REAL,26.00,N,N,A,-,Y,SCL,4,237,-,R,0.010,H,-,E,Y,3,0,1,2,A,-,10,21950,A,N,G,B,B,A,H,-,A,A,0,Y,,,,Y,,A,1,0,1,0,0,1,0,0,0,0,- ,- ,,,SANTA CLARA,MOUNTAIN VIEW,-122.07279390000000,37.380411000000000
6017731,2013,2014-02-04,4311,2013-03-25,1513,I9532,,1,5,5,4311,0,0,0,,0,1,GRANT RD,PHYLLIS AV,0.00,,Y,A,-,N,,,,,,,,,,Y,4,0,2,3,A,-,12,21453,A,N,D,C,B,A,H,-,A,A,0,Y,,,,Y,,A,1,0,0,2,0,1,0,0,0,0,- ,- ,,,SANTA CLARA,MOUNTAIN VIEW,-122.076283,37.3761948
6108329,2013,2014-03-01,4311,2013-06-08,1038,4445,,6,5,5,4311,0,0,0,,0,2,EL MONTE AV,EL CAMINO REAL,0.00,,Y,A,-,Y,SCL,4,82,-,-,20.670,I,6,S,N,2,0,1,2,A,-,11,21950,B,N,G,B,B,A,H,-,A,A,0,Y,,,,Y,,A,1,1,0,0,0,1,0,0,0,0,- ,- ,,,SANTA CLARA,MOUNTAIN VIEW,-122.095747,37.392246
6128864,2013,2014-03-11,4311,2013-06-19,1037,3431,,3,5,5,4311,0,0,0,,0,3,RENGSTORFF AV,ROCK ST,24.00,N,N,A,-,N,,,,,,,,,,N,3,0,1,2,A,-,11,21950,B,N,G,B,E,A,H,-,A,A,0,Y,,,,Y,,N,60,0,1,0,0,1,0,0,0,0,- ,- ,,,SANTA CLARA,MOUNTAIN VIEW,-122.092431,37.412600600000000
6211143,2013,2014-04-18,4311,2013-09-25,1511,F4504,,3,5,5,4311,0,0,0,,0,3,RENGSTORFF AV,JUNCTION AV,37.00,N,N,A,-,N,,,,,,,,,,N,4,0,1,2,A,-,10,21950,A,N,G,B,B,A,H,-,A,D,0,Y,,,,Y,,D,22,0,0,1,0,1,0,0,0,0,- ,- ,,,SANTA CLARA,MOUNTAIN VIEW,-122.0932394,37.410307100000000
6211505,2013,2014-04-07,4311,2013-09-11,728,D7397,,3,5,5,4311,0,0,0,,0,4,LEONG ST,MOFFETT BL,0.00,,Y,A,-,N,,,,,,,,,,Y,4,0,1,2,A,-,11,21950,B,N,A,B,B,A,H,-,A,A,0,Y,,,,Y,,D,22,0,0,1,0,1,0,0,0,0,- ,- ,,,SANTA CLARA,MOUNTAIN VIEW,-122.06792057,37.4045141
6212405,2013,2014-04-07,4311,2013-09-17,1740,F6892,,2,5,5,4311,0,0,0,,0,4,MOFFETT BL,CENTRAL AV,16.00,S,N,A,-,N,,,,,,,,,,N,4,0,1,2,A,-,10,21950,A,N,G,B,B,A,H,-,A,A,0,Y,,,,Y,,A,1,0,0,1,0,1,0,0,0,0,- ,- ,,,SANTA CLARA,MOUNTAIN VIEW,-122.0764985,37.397645900000000
6266634,2013,2014-04-17,4311,2013-09-30,557,F4504,,1,5,5,4311,0,0,0,,0,3,RENGSTORFF AV,SAN LUIS AV,6.00,N,N,A,-,N,,,,,,,,,,N,3,0,1,2,A,-,10,21950,A,F,G,B,B,A,H,-,C,D,0,Y,,,,Y,,A,1,0,1,0,0,1,0,0,0,0,- ,- ,,,SANTA CLARA,MOUNTAIN VIEW,-122.0940543,37.408929800000000
6292183,2015,2016-01-05,9330,2015-03-11,153,20646,,3,3,5,4311,0,1,1,,2,74,RT 280,FOOTHILL BL,575.00,N,N,C,-,Y,SCL,4,280,-,-,11.590,H,-,N,Y,1,1,0,2,C,-,18,,,N,G,B,E,B,H,-,C,D,1,Y,,,,Y,Y,-,- ,0,0,0,1,0,0,0,0,0,- ,- ,37.334180000000000,-122.07058000000000,SANTA CLARA,MOUNTAIN VIEW,-122.07049521,37.334235720000000
6401577,2014,2014-06-06,4311,2014-01-21,953,H2079,,2,5,5,4311,0,0,0,,0,3,CENTRAL EXPWY,RENGSTORFF AV,671.00,E,N,A,-,N,,,,,,,,,,N,3,0,1,2,A,-,11,21954,A,N,G,B,D,A,H,-,A,D,0,Y,,,,Y,,N,60,0,1,0,0,1,0,0,0,0,- ,- ,,,SANTA CLARA,MOUNTAIN VIEW,-122.09533823,37.402445030000000
6401581,2014,2016-03-05,4311,2014-01-27,1845,E6094,,1,5,5,4311,0,0,0,,0,4,MIDDLEFIELD RD,RT 237,9.00,N,N,A,-,Y,SCL,4,237,-,M,1.586,R,3,W,N,3,0,1,2,A,-,10,21950,A,N,G,B,B,A,H,-,C,A,0,Y,,,,Y,,A,1,0,1,0,0,1,0,0,0,0,- ,EO,,,SANTA CLARA,MOUNTAIN VIEW,-122.04943249,37.392910480000000
6409109,2014,2014-06-24,4311,2014-03-10,2031,N8816,,1,5,5,4311,0,0,0,,0,3,SHORELINE BL,MONTECITO AV,7.00,S,N,A,-,N,,,,,,,,,,N,4,0,1,2,A,-,10,21950,A,N,G,B,B,A,H,-,C,A,0,Y,,,,Y,,N,60,0,0,1,0,1,0,0,0,0,- ,- ,,,SANTA CLARA,MOUNTAIN VIEW,-122.07878429,37.401734510000000
6409110,2014,2014-06-24,4311,2014-03-04,2038,T8697,,2,5,5,4311,0,0,0,,0,2,CALIFORNIA ST,ORTEGA AV,12.00,S,N,A,-,N,,,,,,,,,,N,2,0,1,2,A,-,11,21950,B,N,G,B,B,A,H,-,C,A,0,Y,,,,Y,,A,1,1,0,0,0,1,0,0,0,0,- ,- ,,,SANTA CLARA,MOUNTAIN VIEW,-122.10402301000000,37.401345310000000
6409112,2014,2014-06-24,4311,2014-03-02,1911,W4407,,7,5,5,4311,0,0,0,,0,1,EVELYN AV,MOORPARK AV,295.00,W,N,B,-,N,,,,,,,,,,N,4,0,1,2,A,-,11,21956,A,N,G,B,E,A,H,-,C,D,0,Y,,,,Y,,N,60,0,0,1,0,1,0,0,0,0,- ,- ,,,SANTA CLARA,MOUNTAIN VIEW,-122.05831252,37.387470220000000
6423088,2014,2016-02-08,4311,2014-02-13,1626,D3648,,4,5,5,4311,0,0,0,,0,2,EL MONTE AV,EL CAMINO REAL,5.00,S,N,A,-,Y,SCL,4,82,-,-,20.670,I,6,S,N,3,0,1,2,A,-,11,21950,B,N,G,B,B,A,H,-,A,A,0,Y,,,,Y,,A,1,0,1,0,0,1,0,0,0,0,- ,- ,,,SANTA CLARA,MOUNTAIN VIEW,-122.09534093000000,37.391846570000000
6453615,2014,2014-07-23,4311,2014-04-03,726,C3431,,4,5,5,4311,0,0,0,,0,3,SIERRA VISTA AV,HACKETT AV,0.00,,Y,A,-,N,,,,,,,,,,Y,2,0,1,4,A,-,9,21802,A,N,D,C,F,A,H,-,A,A,0,Y,,,,Y,,A,1,1,0,0,0,1,0,0,0,0,- ,- ,,,SANTA CLARA,MOUNTAIN VIEW,-122.09209991,37.403789970000000
6454606,2014,2014-07-08,4311,2014-03-31,1725,F7704,4311,1,5,5,4311,0,0,0,,0,4,CHARLESTON RD,HUFF AV,6.00,W,N,C,-,N,,,,,,,,,,N,3,0,1,2,A,-,10,21950,A,N,G,B,B,B,H,-,A,A,0,Y,,,,Y,,I,11,0,1,0,0,1,0,0,0,0,- ,- ,,,SANTA CLARA,MOUNTAIN VIEW,-122.08291062000000,37.420831120000000
6581822,2014,2014-08-13,4311,2014-06-25,1100,M0981,,3,5,5,4311,0,0,0,,0,2,S RENGSTORFF AV,LATHAM ST,21.00,N,N,A,-,N,,,,,,,,,,N,3,0,2,3,A,-,10,21950,A,N,G,B,B,A,H,-,A,A,0,Y,,,,Y,,A,1,0,1,1,0,2,0,0,0,0,- ,- ,,,SANTA CLARA,MOUNTAIN VIEW,-122.10127831,37.396881860000000
6663608,2014,2014-11-12,4311,2014-09-18,2123,L6191,,4,5,5,4311,0,0,0,,0,1,CASTRO ST,VILLA ST,18.00,S,N,A,-,N,,,,,,,,,,N,2,0,1,2,A,-,10,21950,A,N,G,B,B,A,H,-,C,A,0,Y,,,,Y,,D,22,1,0,0,0,1,0,0,0,0,- ,- ,,,SANTA CLARA,MOUNTAIN VIEW,-122.07899656000000,37.393755320000000
6664589,2014,2014-12-15,4311,2014-10-03,1913,F4504,,5,5,5,4311,0,0,0,,0,2,ORTEGA AV,LATHAM ST,6.00,N,N,A,-,N,,,,,,,,,,N,4,0,1,2,A,-,10,21950,A,N,G,B,B,A,H,-,B,A,0,Y,,,,Y,,A,1,0,0,1,0,1,0,0,0,0,- ,- ,,,SANTA CLARA,MOUNTAIN VIEW,-122.10544087,37.399124780000000
6678121,2015,2017-04-04,4311,2015-10-22,635,I9532,,4,5,5,4311,0,0,0,,0,2,EL MONTE AV,MARICH WY,23.00,N,N,B,-,N,,,,,,,,,,Y,1,1,0,2,A,-,10,21950,A,N,G,B,B,A,H,-,C,A,0,Y,,,,Y,,A,7,0,0,0,1,0,0,0,0,0,- ,- ,,,SANTA CLARA,MOUNTAIN VIEW,-122.09585452,37.390773030000000
6681560,2014,2014-12-29,4311,2014-10-18,2251,C3431,4,6,5,5,4311,0,0,0,,0,,SHORELINE BL,AMPHITHEATRE PKWY,144.00,S,N,A,-,N,,,,,,,,,,N,2,0,1,2,A,-,- ,,,N,G,B,D,A,H,-,C,D,0,Y,,,,Y,Y,N,60,1,0,0,0,1,0,0,0,0,- ,- ,,,SANTA CLARA,MOUNTAIN VIEW,-122.07797962000000,37.42296511
6716491,2014,2015-01-07,4311,2014-10-18,2330,L1168,,6,5,5,4311,0,0,0,,0,4,NORTH RD,SHORELINE BL,3.00,E,N,A,-,N,,,,,,,,,,N,4,0,1,2,D,-,0,,,M,G,B,B,A,H,-,C,A,0,Y,,,,Y,Y,-,- ,0,0,1,0,1,0,0,0,0,- ,- ,,,SANTA CLARA,MOUNTAIN VIEW,-122.07810969000000,37.428090590000000
6716495,2014,2015-01-07,4311,2014-10-20,1930,C8018,,1,5,5,4311,0,0,0,,0,4,LOGUE AV,MAUDE AV,427.00,S,N,A,-,N,,,,,,,,,,N,3,0,1,2,A,-,10,21950,A,N,G,B,C,A,H,-,C,A,0,Y,,,,Y,,A,1,0,1,0,0,1,0,0,0,0,- ,- ,,,SANTA CLARA,MOUNTAIN VIEW,-122.05060683000000,37.396172760000000
6717123,2014,2015-01-09,4311,2014-11-16,1255,S2455,,7,5,5,4311,0,0,0,,0,1,VILLA ST,MADERA WY,36.00,E,N,A,-,N,,,,,,,,,,N,3,0,2,3,A,-,10,21954,B,N,G,B,D,A,H,-,A,D,0,Y,,,,Y,,A,1,0,2,0,0,2,0,0,0,0,- ,- ,,,SANTA CLARA,MOUNTAIN VIEW,-122.07396313,37.391819900000000
6764042,2014,2016-06-16,4311,2014-12-06,1157,R0085,,6,5,5,4311,0,0,0,,0,2,EL CAMINO REAL,EL MONTE AV,7.00,E,N,B,-,Y,SCL,4,82,-,-,20.670,I,6,S,N,3,0,1,2,A,-,10,21950,A,N,G,B,B,A,-,-,A,A,0,Y,,,,Y,,N,60,0,1,0,0,1,0,0,0,0,- ,- ,,,SANTA CLARA,MOUNTAIN VIEW,-122.09534093000000,37.391846570000000
6817753,2015,2015-03-09,4311,2015-02-04,1708,F7704,4311,3,5,5,4311,0,0,0,,0,1,SHORELINE BL,CALIFORNIA ST,36.00,S,N,A,-,N,,,,,,,,,,N,3,0,1,2,A,-,10,21950,A,N,G,B,B,A,H,-,A,A,0,Y,,,,Y,,A,1,0,1,0,0,1,0,0,0,0,- ,- ,,,SANTA CLARA,MOUNTAIN VIEW,-122.08504428000000,37.392931090000000